Date,Mood
2025-03-09,Sad
2025-03-08,Sad
2025-03-07,Neutral
2025-03-06,Sad
2025-03-05,Neutral
2025-03-04,Happy
2025-03-03,Sad
2025-03-02,Neutral
2025-03-01,Sad
2025-02-28,Sad
2025-02-27,Sad
2025-02-26,Sad
2025-02-25,Neutral
2025-02-24,Sad
2025-02-23,Neutral
2025-02-22,Sad
2025-02-21,Sad
2025-02-20,Neutral
2025-02-19,Sad
2025-02-18,Happy
2025-02-17,Sad
2025-02-16,Neutral
2025-02-15,Sad
2025-02-14,Sad
2025-02-13,Happy
2025-02-12,Sad
2025-03-09,Neutral
2025-03-09,Sad
2025-03-09,Sad
2025-03-09,Sad
2025-03-09,Sad
2025-04-08,Happy
2025-04-08,Happy
2025-04-08,Happy
2025-04-08,Happy
2025-04-08,Happy
2025-04-08,Happy
2025-04-08,Happy
2025-04-08,Happy
2025-04-08,Happy
2025-04-08,Happy
2025-04-08,Happy
2025-04-08,Happy
2025-04-08,Happy
2025-04-08,Happy
2025-04-08,Happy
2025-04-08,Happy
2025-04-08,Happy
2025-04-08,Happy
2025-04-08,Happy
2025-04-08,Happy
2025-04-08,Happy
2025-04-08,Happy
2025-04-08,Happy
2025-04-08,Happy
2025-04-08,Happy
2025-04-08,Happy
2025-04-08,Happy
2025-04-08,Happy
2025-04-08,Happy
2025-04-08,Happy
2025-04-08,Happy
2025-04-08,Happy
2025-04-08,Happy
2025-04-08,Happy
2025-04-08,Happy
2025-04-08,Happy
2025-04-08,Happy
2025-04-08,Happy
2025-04-08,Happy
2025-04-08,Happy
2025-04-08,Happy
2025-04-08,Happy
2025-04-08,Happy
2025-04-08,Happy
2025-04-08,Happy
2025-04-08,Happy
2025-04-08,Sad
2025-04-08,Sad
2025-04-08,Sad
2025-04-08,Sad
2025-04-08,Sad
2025-04-08,Sad
2025-04-08,Sad
2025-04-08,Sad
2025-04-08,Sad
2025-04-08,Sad
2025-04-08,Sad
2025-04-08,Sad
